{
  "2014": {
    "10": {
      "15": 1.3,
      "16": 4.5,
      "28": 0.2,
      "29": 38.7,
      "04": 0.8999999999999999,
      "05": 28,
      "06": 3.3000000000000003,
      "09": 13.399999999999997
    },
    "11": {
      "10": 23.8,
      "11": 7.399999999999999,
      "12": 1.8,
      "19": 14.2,
      "22": 0.1,
      "24": 0.9,
      "29": 3.3,
      "30": 86.60000000000001,
      "01": 1.8000000000000005,
      "02": 46.39999999999999,
      "03": 3.7000000000000006
    },
    "12": {
      "10": 3,
      "20": 21.700000000000003,
      "21": 0.6,
      "26": 2.5,
      "27": 2.5,
      "28": 4.6,
      "30": 11.399999999999999,
      "31": 9,
      "07": 0.1,
      "09": 0.8
    },
    "05": {
      "11": 0.7,
      "15": 0.6000000000000001,
      "21": 26.400000000000002,
      "30": 40,
      "31": 25.9,
      "05": 0.4,
      "06": 0.1
    },
    "06": {
      "11": 9.1,
      "12": 16.100000000000005,
      "22": 3.3000000000000003,
      "23": 0.7999999999999999,
      "04": 1.3,
      "07": 0.6000000000000001
    },
    "07": {
      "12": 20.3,
      "13": 0.6,
      "14": 0.30000000000000004,
      "15": 9.299999999999999,
      "21": 1,
      "22": 13.699999999999998,
      "26": 0.1,
      "29": 0.8,
      "31": 2.4000000000000004,
      "05": 4.2,
      "06": 0.6
    },
    "08": {
      "22": 1.1,
      "23": 13,
      "24": 8.8,
      "25": 3.0000000000000004,
      "03": 1.4
    },
    "09": {
      "14": 0.1,
      "23": 7.7,
      "04": 0.2,
      "05": 5.699999999999999,
      "06": 5.100000000000001,
      "09": 8.5
    }
  },
  "2015": {
    "10": {
      "11": 1.3000000000000003,
      "14": 1.3,
      "19": 1.3,
      "22": 1.3,
      "29": 48.6,
      "02": 12.5,
      "07": 3.8000000000000003
    },
    "11": {
      "10": 8.399999999999999,
      "12": 7.7,
      "13": 7,
      "17": 22.099999999999998,
      "19": 31.000000000000004,
      "25": 1.2,
      "26": 1,
      "27": 35.6,
      "09": 0.7
    },
    "12": {
      "12": 1.8,
      "13": 3.8,
      "14": 4.9,
      "17": 1.7999999999999998,
      "22": 4.500000000000001,
      "23": 4.800000000000001,
      "31": 0.2
    },
    "01": {
      "13": 16.799999999999997,
      "18": 0.7,
      "19": 14.499999999999996,
      "20": 0.6,
      "27": 1.2,
      "28": 14.799999999999999,
      "01": 3.2,
      "06": 3.5000000000000004,
      "07": 3.4,
      "09": 3.4000000000000004
    },
    "02": {
      "10": 15.200000000000001,
      "12": 1,
      "18": 4.7,
      "19": 2.2,
      "25": 0.6000000000000001,
      "26": 0.7,
      "09": 0.3
    },
    "03": {
      "15": 0.7,
      "20": 0.1,
      "24": 0.30000000000000004,
      "25": 1.7000000000000002,
      "01": 0.2,
      "02": 2.2,
      "03": 0.7999999999999999,
      "04": 17.4
    },
    "04": {
      "14": 3.6,
      "15": 1.7999999999999998,
      "16": 2,
      "17": 8.299999999999999,
      "29": 13.9,
      "30": 0.1,
      "04": 0.1
    },
    "05": {
      "10": 0.6000000000000001,
      "17": 0.8,
      "18": 1.2,
      "23": 7.5,
      "30": 1.3,
      "01": 0.7,
      "02": 21.2
    },
    "06": {
      "14": 0.6000000000000001,
      "25": 0.1,
      "27": 1.5999999999999999,
      "28": 4.5,
      "29": 2.7,
      "06": 2.5
    },
    "07": {
      "11": 2.7,
      "13": 0.1,
      "30": 0.9,
      "31": 62,
      "03": 0.1
    },
    "08": {
      "10": 41.49999999999999,
      "12": 6.8,
      "13": 13.1,
      "14": 2.1999999999999997,
      "15": 1.6,
      "17": 0.7000000000000001,
      "26": 0.9,
      "01": 2.5999999999999996,
      "02": 2.0000000000000004,
      "05": 1.2,
      "06": 21.4,
      "07": 0.4,
      "08": 4.1,
      "09": 15.199999999999998
    },
    "09": {
      "21": 2.2,
      "22": 2.3000000000000003,
      "23": 3.2,
      "24": 12.2,
      "25": 42.5,
      "28": 3.3000000000000003,
      "07": 2.1,
      "09": 18.900000000000002
    }
  },
  "2016": {
    "10": {
      "12": 1.5000000000000002,
      "13": 5.499999999999999,
      "14": 0.7,
      "15": 60.300000000000004,
      "16": 5.8,
      "18": 1.9999999999999998,
      "19": 27.4,
      "20": 0.9999999999999999,
      "25": 8.9,
      "26": 6.899999999999998,
      "31": 1.2,
      "06": 0.1,
      "07": 17.900000000000002
    },
    "11": {
      "13": 9.9,
      "15": 2.8,
      "26": 20.600000000000005,
      "01": 24.999999999999996,
      "02": 1.5999999999999999,
      "08": 0.1,
      "09": 1.9000000000000004
    },
    "12": {
      "18": 11.5,
      "19": 0.7000000000000001,
      "22": 0.2,
      "23": 6.900000000000001,
      "25": 4.6,
      "26": 111.8,
      "29": 0.1,
      "05": 1.4
    },
    "01": {
      "12": 0.8999999999999999,
      "17": 0.8999999999999999,
      "25": 7.5,
      "30": 7.3,
      "01": 8.299999999999999,
      "04": 6.699999999999999,
      "05": 14.6
    },
    "02": {
      "12": 2.7,
      "13": 35,
      "16": 4.2,
      "17": 31.599999999999998,
      "19": 3.1,
      "20": 1.3,
      "25": 1.8,
      "26": 11.200000000000001,
      "08": 23.299999999999997,
      "09": 0.5
    },
    "03": {
      "18": 8.3,
      "25": 0.1,
      "26": 0.9,
      "01": 0.2,
      "03": 1.8000000000000003,
      "04": 0.30000000000000004,
      "05": 2.3000000000000003
    },
    "04": {
      "11": 0.1,
      "13": 48.900000000000006,
      "15": 2.1,
      "16": 11.1,
      "17": 0.8999999999999999,
      "18": 17.8,
      "19": 16.700000000000003,
      "24": 0.1,
      "25": 0.7,
      "01": 1.6,
      "02": 28.299999999999997,
      "04": 2,
      "05": 0.1,
      "06": 27.4,
      "08": 3.0999999999999996,
      "09": 1.3
    },
    "05": {
      "15": 4.3,
      "28": 0.5,
      "29": 19.3,
      "31": 0.5,
      "05": 3.9,
      "06": 4.5,
      "09": 0.30000000000000004
    },
    "06": {
      "26": 2.4000000000000004,
      "27": 7.399999999999997,
      "30": 3.3000000000000007,
      "02": 0.9999999999999999,
      "04": 4.3999999999999995,
      "05": 0.2,
      "09": 0.2
    },
    "07": {
      "10": 0.4,
      "11": 0.4,
      "25": 47.3,
      "26": 7.1000000000000005,
      "01": 0.30000000000000004,
      "02": 6.3,
      "03": 17.399999999999995,
      "04": 22.800000000000004,
      "05": 0.30000000000000004,
      "09": 1.6
    },
    "08": {
      "20": 1.2,
      "27": 13.6,
      "08": 0.1
    },
    "09": {
      "12": 8.2,
      "18": 5.2,
      "30": 4.7,
      "01": 0.1,
      "06": 2.1
    }
  },
  "2017": {
    "10": {
      "12": 1,
      "13": 0.1,
      "18": 6,
      "19": 0.1,
      "21": 0.9,
      "26": 0.7,
      "27": 15.000000000000004,
      "29": 3.8999999999999995,
      "30": 2.3000000000000003,
      "01": 18.300000000000004,
      "02": 0.4,
      "08": 1,
      "09": 4.1
    },
    "11": {
      "15": 3.4000000000000004,
      "17": 0.7999999999999999,
      "20": 8.4,
      "22": 0.1,
      "23": 2.8000000000000003,
      "02": 13.7,
      "07": 0.4,
      "08": 0.5
    },
    "12": {
      "13": 1.5,
      "14": 0.3,
      "16": 1.4000000000000001,
      "17": 29,
      "19": 1.5999999999999999,
      "22": 3.4000000000000004,
      "23": 2.2,
      "26": 1.5,
      "27": 5.1,
      "31": 4.8999999999999995,
      "03": 7.599999999999999,
      "08": 6.6000000000000005,
      "09": 1.1
    },
    "01": {
      "13": 3.5,
      "16": 2.7,
      "24": 14.3,
      "25": 4.6,
      "31": 5,
      "01": 8.9,
      "03": 12.000000000000002,
      "04": 8.5,
      "07": 1.3,
      "08": 5.3999999999999995,
      "09": 0.2
    },
    "02": {
      "10": 2.2,
      "11": 0.1,
      "12": 4.799999999999999,
      "13": 1,
      "14": 0.5,
      "17": 5.6000000000000005,
      "18": 20.7,
      "27": 1,
      "28": 0.5,
      "01": 21.2,
      "04": 6.6,
      "05": 8.1
    },
    "03": {
      "12": 0.2,
      "15": 5.800000000000001,
      "16": 1.2,
      "22": 0.30000000000000004,
      "23": 1.2,
      "30": 0.1,
      "01": 2,
      "02": 3.3999999999999995,
      "03": 2.1,
      "05": 0.1,
      "09": 11.1
    },